actual,predicted,feature_1,feature_2
1,1,0.293204,1.409712
0,0,-0.011962,-0.611208
0,0,-0.574803,-1.543972
0,0,-0.498391,-0.645845
0,0,-1.115626,-1.028198
0,0,-0.311717,-0.494208
1,1,0.581680,0.597521
0,0,-0.528037,-0.971926
0,0,-0.075474,-0.769971
1,1,-0.315693,0.880433
0,0,-0.986664,-0.568445
0,0,-1.429637,-0.660068
0,0,0.000264,-0.614764
0,0,-0.790584,-0.449618
1,1,0.999535,0.631436
1,1,0.914360,-0.024751
1,1,1.624738,0.813487
0,0,-0.595923,-0.743532
0,0,-1.733829,-0.439769
1,1,1.047587,0.975186
0,0,-1.235334,-0.434509
0,0,0.085817,-0.943680
0,0,-0.643955,-1.296790
0,0,-0.374365,-0.761787
1,1,1.298159,1.140746
0,0,-1.049292,-0.114767
1,1,0.256037,0.490458
0,0,-0.699329,-0.678073
1,1,0.780980,1.554546
1,1,1.047396,0.868446
0,0,-1.147260,-1.204225
1,1,1.650553,0.218004
1,1,0.950941,0.618172
1,1,2.332695,0.565086
0,0,0.099000,-1.382916
0,0,-0.884693,-0.513831
0,0,0.018668,-0.877773
1,1,0.491184,0.962133
1,1,1.050776,0.535168
0,0,-0.689768,-1.362256
1,1,0.832901,-0.230354
1,1,-0.409223,1.013398
0,0,-1.153713,-0.431101
1,1,1.084838,1.581780
0,0,-1.892898,-1.358169
0,0,-0.493364,-1.447272
0,0,-0.537301,-1.448570
0,0,-1.011121,-0.998594
1,1,1.002274,0.646574
1,1,0.944661,0.526089
0,0,-0.945371,-1.310144
0,0,-1.278824,-0.811696
0,0,-0.638857,-1.178412
0,0,0.012954,-0.657829
1,1,1.829444,0.220987
1,1,-0.638690,1.937633
0,0,-0.197344,-0.980444
1,1,0.633815,1.721688
0,0,-0.175907,-1.031307
0,0,0.003556,-0.307239
1,1,-0.035878,0.831136
0,0,-0.164205,-0.867950
1,1,1.372174,1.290842
1,0,-0.748419,0.346168
0,0,-0.152563,-0.824959
1,1,1.682354,1.201734
0,0,-1.029482,-1.236377
1,0,-0.364195,-0.484961
1,0,-0.642679,-0.050034
1,1,1.427141,2.117440
1,1,-0.357095,0.412827
0,0,0.214045,-0.618120
1,1,2.505445,0.112628
0,0,-0.711039,0.515327
0,0,-0.829121,-0.662800
0,0,-0.733252,0.066289
0,0,-0.333728,-0.892395
1,1,0.658102,0.904007
0,0,-0.697654,-1.158089
1,1,0.208597,1.045080
0,0,-1.005374,-1.172285
1,1,1.647037,1.700470
0,0,-0.390381,-1.092597
1,1,0.456227,0.393129
0,0,-1.645112,-0.818080
0,0,-0.590226,0.277309
0,0,-0.756777,-0.049232
1,1,-0.202598,1.397817
1,1,1.022335,-0.155863
0,0,-1.060705,-1.155023
1,1,0.982778,1.363639
1,1,1.185520,0.584788
1,1,1.409205,1.819518
0,0,-0.848552,-1.184088
0,0,-1.637242,-0.806119
0,0,-1.087903,-0.492539
1,1,1.019182,0.751927
1,1,-0.710693,0.775779
0,0,-1.021795,0.041651
1,0,0.173753,-0.418738
1,1,1.065320,0.087341
1,1,-0.142876,1.012852
1,1,0.444369,1.348515
1,1,0.923657,-0.541784
1,1,0.116174,1.748523
0,0,-0.604987,-1.865823
1,1,0.907690,1.592041
1,1,1.155622,0.431385
0,0,-1.224273,-0.118580
1,1,1.234480,1.472005
0,0,-0.937711,-0.425022
1,1,0.060439,2.432160
1,1,-0.391651,0.570754
1,1,0.451945,-0.069821
1,1,0.518419,1.179485
0,0,-0.897010,-0.425144
0,0,-0.889001,-1.247973
1,1,1.736387,0.411339
1,1,-0.219852,1.596352
0,0,-1.192999,-1.548937
0,0,-1.462412,-1.327478
0,0,-0.695059,-1.382424
1,1,0.837843,1.236621
1,1,0.260300,1.210214
0,0,-0.915382,0.007728
0,0,-1.644163,-1.299901
0,0,-0.526338,0.263510
1,1,0.690186,1.717360
0,0,-0.571378,-0.617497
1,1,0.986246,0.945932
1,1,1.023636,1.831608
1,1,0.449540,-0.028516
1,1,1.145734,1.348851
0,0,-0.454691,-0.911666
1,1,1.169248,-0.872577
0,0,-1.392117,-0.802270
0,0,-0.243470,-0.491899
0,0,-0.415316,-0.969389
0,0,-0.621582,-1.247055
1,1,0.493542,1.156406
0,0,-0.599409,-1.935668
0,0,-0.917378,-1.607901
1,1,0.059248,0.015784
1,1,1.455581,1.592936
0,0,-0.113057,-2.039387
0,0,-0.805080,-1.457264
0,0,-0.978482,-1.288413
1,1,0.989467,0.191156
1,1,1.414955,1.740729
1,1,-0.098315,2.004053
0,0,-0.466810,-1.181893
0,0,-0.686848,-0.959536
1,1,0.041365,1.528315
0,0,-1.180006,-0.413726
1,1,0.901068,0.411424
0,0,-0.964770,-0.878909
1,1,0.771448,0.734271
1,1,0.988340,-0.166563
0,0,-0.360368,-1.014538
1,1,0.865915,1.544763
1,1,0.890680,1.293358
0,0,-2.099625,-1.495486
0,0,0.078522,-0.670796
0,0,-1.338822,-0.807373
0,0,-0.666147,-0.882691
0,0,-0.707697,-1.164979
0,0,-1.490856,-0.731320
1,1,1.139949,1.627001
0,1,-0.187561,0.544040
0,0,-1.095717,-0.483001
0,0,-0.974821,-0.902670
1,1,0.973340,0.570469
0,0,-0.203278,-0.655580
0,0,-0.856014,0.236642
1,0,-0.433582,0.347072
0,0,-1.028047,-1.038639
0,0,-1.276371,-0.780932
0,0,-0.553559,-0.484060
1,1,1.518039,0.767395
0,0,-0.581675,-1.251653
0,0,-1.141311,-1.326434
0,0,-0.149470,-0.946766
1,1,0.172466,0.466647
0,0,-0.306949,-0.675625
1,0,0.027827,-0.438033
0,0,-1.106054,-0.245175
1,1,1.652892,0.889127
0,0,-0.974875,-0.462956
1,1,-0.087771,1.011197
0,0,-0.562700,-1.427137
1,1,2.435128,0.993021
0,0,-1.048730,-1.231119
0,0,-0.955534,-1.240454
0,0,-1.107382,-1.011815
0,0,-0.854008,-0.883328
1,1,0.852996,1.256947
1,1,1.434785,-0.191054
1,1,1.470004,2.039899
1,1,-0.223067,1.560272
0,0,-0.346026,-0.551313
0,0,-1.102867,-1.857580
1,1,2.040824,1.063748
0,0,-0.505996,-0.050989
0,0,-0.072839,-0.733576
1,1,0.644283,1.158426
0,0,0.136188,-1.072051
1,1,-0.123811,0.578486
0,0,-1.134299,-1.133740
0,0,-1.399661,-0.694021
0,0,0.002689,-0.348688
1,1,1.680524,0.934068
0,0,-0.595747,-1.179306
0,0,-0.998289,0.309125
1,1,1.394764,1.095952
1,1,0.610434,0.645063
0,0,-0.865626,-0.584430
0,0,-0.671464,0.190289
0,0,-0.778566,-0.661551
1,1,0.803677,-0.398437
1,1,-0.473513,1.821384
0,0,-0.932014,-1.580164
1,1,1.099527,0.995335
0,0,-0.490901,-1.372033
0,0,0.155316,-0.852136
0,0,-0.745498,-0.881172
0,0,-1.451702,-0.638277
0,0,-0.427017,-0.777507
1,0,-0.082137,-0.506286
1,1,2.951930,1.086544
0,0,0.035823,-0.767971
1,1,1.052749,-0.639572
1,1,1.104417,0.997662
1,1,0.460683,1.628527
1,1,0.564018,0.487351
1,1,1.908227,-0.999690
1,1,1.177403,0.598509
0,0,-1.329892,-1.213735
0,0,0.228056,-1.365149
0,0,-1.015928,-0.277507
1,1,0.883268,0.218283
0,0,-0.297977,-1.196029
1,1,2.003006,0.065638
0,0,-1.103277,-0.314327
1,1,-0.077191,2.067699
0,0,-1.692166,-0.595702
0,0,-1.135353,-1.166279
1,1,1.303241,0.031886
1,1,0.756969,0.159849
0,0,-1.249437,-0.194866
1,0,-0.385175,-1.096070
1,1,-0.371630,0.575555
0,0,-0.912353,-0.085733
0,0,-1.050632,-1.232259
1,1,0.154250,0.088437
1,1,1.535257,0.497916
0,0,-0.402055,-1.010587
0,0,-0.581791,-0.782958
1,1,2.149986,0.700563
0,0,-0.605957,-1.193306
1,1,0.786747,1.353255
1,1,0.424174,1.692978
1,1,0.322104,1.390988
1,1,2.308979,1.025025
1,1,1.724941,0.748609
1,1,1.036452,1.161364
1,1,0.756976,1.363626
0,0,-2.029486,-1.005849
0,0,-0.759583,-2.115373
1,1,1.099944,1.348476
0,0,-0.740820,-1.193243
0,0,-1.588329,-0.695143
0,0,-1.457279,-0.443634
0,0,-0.767682,-0.662208
0,0,-1.190910,-0.708519
0,0,-1.489532,-0.327103
1,1,0.583308,0.439510
0,0,-0.048651,-0.400462
0,0,-0.191769,-1.057890
1,1,1.447970,0.791438
1,1,0.819876,0.101940
0,0,-0.067681,-1.023916
0,0,-0.613874,-0.467330
0,0,-0.582819,-1.184232
1,1,1.185319,1.789828
0,0,-1.029662,-0.838059
1,1,0.198721,0.518343
1,1,1.316076,1.042876
0,0,-0.652359,-0.952387
1,1,-0.429101,1.579641
0,0,-0.324572,-1.272587
1,1,1.280283,0.544466
1,0,-0.386117,0.355305
0,0,0.004308,-0.214813
0,0,-1.231332,-0.643639
0,0,-0.535837,-0.193905
1,1,1.242258,0.301194
0,0,-1.768652,-0.313192
0,0,-0.713317,-0.578486
0,0,-1.079481,-0.526387
0,0,-0.747678,-0.864615
0,0,-0.649926,-1.186281
1,1,0.771696,-0.299612
0,0,-1.224787,0.118760
0,0,-0.147118,-0.370750
0,0,-1.749568,-0.333747
0,0,-0.752333,-0.763088
1,0,-0.728617,0.026769
0,0,-1.282396,-0.821611
1,1,1.981381,1.493280
0,0,-1.321519,-0.963288
0,0,-0.990746,-0.144225
1,1,-0.520618,1.007397
1,0,-0.236161,0.009879
1,1,0.758019,0.631889
0,0,-0.380550,-1.490993
0,0,-1.161986,-1.284167
0,0,-0.454184,-0.433693
1,1,1.191607,2.202523
0,0,-0.302460,-0.663049
1,1,1.176485,1.931535
0,0,-0.299647,-0.729481
1,1,0.784898,0.793291
1,1,0.970886,0.965709
1,1,0.708716,1.536935
1,1,1.078482,0.676916
1,1,1.121917,0.472481
1,1,1.214163,0.890723
0,0,-0.160103,-1.213838
0,0,-0.588162,-1.199156
0,0,0.357695,-2.021401
1,1,0.513199,1.022875
1,1,0.691023,0.671940
1,1,0.407831,-0.026685
0,0,-1.806860,-1.182991
1,1,-0.286937,1.441182
1,1,0.518731,0.897006
1,1,0.467686,0.910975
0,0,-1.034293,-0.567290
0,0,-1.470218,-0.362256
0,0,-0.558984,-1.074328
0,0,-0.652919,-0.867498
0,0,-0.758407,0.097862
1,1,1.113502,0.930046
0,0,-0.235591,-0.328225
0,0,-1.013287,0.458927
1,1,0.914434,0.969905
1,1,0.107436,0.642309
1,1,-0.294454,1.228640
1,1,0.014657,1.259555
1,1,1.002463,0.595369
1,1,2.098147,0.562527
0,0,0.308619,-0.917628
0,0,-0.602102,-1.872676
1,1,0.695714,1.481948
1,1,0.307036,-0.045908
0,0,-1.175123,-0.849119
1,1,0.747764,1.591881
1,1,1.096752,-1.013666
0,0,-1.274267,-0.441438
0,0,-0.605861,-1.440792
1,1,1.462659,1.446150
1,1,0.250249,0.669522
1,1,1.676731,0.307722
1,1,1.377871,0.996584
1,1,1.518673,-0.145462
0,0,-0.165366,-0.538021
1,1,1.080410,0.678283
1,1,1.109569,1.708967
0,0,-0.360079,-0.289897
0,0,-0.466758,-1.137953
1,1,1.684282,0.943252
1,1,-0.093636,1.832696
0,0,-0.785354,-0.776129
0,0,-0.508606,-1.082150
0,0,-1.457083,-1.646208
0,0,-1.007561,-1.000292
1,1,1.739878,1.896002
1,1,0.870426,1.662629
0,0,-1.367422,-1.101624
0,0,-0.856778,-1.160250
1,0,-0.207687,0.130229
1,1,0.779549,1.500687
1,1,2.397423,0.775846
0,0,-1.016706,-0.412942
1,1,0.734903,1.175037
1,1,1.209839,0.959392
1,1,1.465966,1.209497
0,0,-1.458348,-1.105460
0,0,-1.117260,-0.788743
1,1,0.260020,0.244851
1,1,-0.013434,1.740165
0,0,-0.152829,-1.220746
1,1,-0.048021,1.847079
1,1,-0.124992,1.001154
0,0,-0.344530,-0.712931
1,1,0.285327,0.818706
0,0,-0.558935,0.124212
1,1,2.115963,0.658158
0,0,-1.132911,-0.993710
1,1,0.624258,0.896201
1,0,-1.223628,0.616634
1,1,0.088694,0.316254
1,1,1.116099,0.889638
0,0,-1.797608,-1.116470
0,0,-1.038686,-0.886012
0,0,-1.167951,-1.634743
1,1,0.665902,0.872379
1,1,0.798024,1.054066
0,0,-1.142099,-0.478411
1,1,0.735950,-0.359507
0,0,-1.128576,-1.243194
1,1,0.854234,2.192951
1,1,1.609006,0.035794
1,1,0.867521,1.319290
0,0,-0.723914,-1.325962
1,1,1.247860,1.098102
1,1,0.715939,1.522312
1,1,0.505283,1.247671
1,1,2.301708,1.787642
0,0,-0.732657,-0.975457
0,0,-0.433461,-0.196588
0,0,-0.479594,-0.396267
0,0,-0.577378,-1.257801
1,1,0.860653,1.130962
1,1,1.900731,-0.768711
0,0,-0.876124,-0.932836
1,0,0.340635,-0.505514
0,0,-0.599079,-0.900283
1,1,1.313084,-0.271489
0,0,-0.653292,-1.283007
1,1,0.940065,0.268614
1,1,1.827336,1.406745
0,0,-0.338873,-0.269344
0,0,-0.904172,-0.529470
0,0,-0.674504,-0.865601
0,0,-0.842901,-1.157647
0,0,-0.744853,-1.195089
1,1,0.822805,0.105307
0,0,-1.467530,-0.497418
0,0,-1.054269,-0.007690
1,1,1.004086,0.958359
0,0,-1.167115,-0.801741
0,0,-0.564174,-1.038815
0,0,-0.065856,-0.542762
0,0,-0.319008,-0.699708
1,1,1.040116,-0.405156
1,1,0.702217,0.127334
0,0,-1.330490,-0.919863
1,0,0.671041,-0.836711
1,1,0.882842,0.957363
0,0,-0.549233,-1.316875
0,0,-1.479538,-0.534413
1,1,0.681428,2.479196
0,0,-0.292546,-1.314817
0,0,-0.932686,-0.716819
0,0,-0.648578,-0.267458
1,1,1.438061,1.049956
1,1,-0.118993,0.711460
1,0,-1.320330,0.007868
1,1,0.432589,-0.046007
0,0,-1.331461,-0.979917
1,1,0.819892,0.837343
1,1,-0.101985,1.012411
1,1,0.586296,0.027436
0,0,-0.374779,-0.880829
1,1,0.615848,2.080407
1,1,1.987546,0.569526
1,1,0.806629,-0.143894
0,0,-1.593947,-0.629806
1,1,0.812968,0.528171
0,1,0.294208,-0.142954
0,0,-1.002503,-0.655438
0,0,-0.783984,-0.453844
0,0,-0.433572,-0.619705
1,1,0.469198,1.601899
0,0,-0.783974,-0.743394
1,1,1.842188,1.060654
0,0,-1.303347,-0.595258
0,0,-0.135155,-0.539289
0,0,-1.245886,-1.423753
1,1,1.523116,0.774448
0,0,-0.006930,-0.335869
0,0,-1.193109,-1.116337
0,0,-1.090774,-1.063577
0,0,-0.767429,-0.673141
1,1,0.498500,0.728854
1,1,0.618314,0.261905
1,1,2.121219,1.273862
1,1,1.596489,0.113942
0,0,-1.267970,-0.358825
1,1,0.056784,0.225737
0,0,-1.737196,-0.881277
1,1,-0.127674,0.636860
1,1,0.555281,2.133976
0,0,-1.578013,-0.675918
1,1,1.011629,0.084920
0,0,-1.194957,-0.744970
1,1,0.983046,0.307544
0,0,-0.807600,-0.593983
0,0,-0.753763,-0.633441
1,1,2.250448,0.183348
0,0,0.150677,-1.019384
0,0,-0.950442,-0.460243
1,1,0.533405,0.741622
0,0,-0.072461,-0.785255
0,0,0.142927,-1.309289
0,0,0.175941,-1.074050
1,1,0.474019,0.517989
0,0,-0.964088,-0.556327
1,1,1.719854,0.597236
0,0,-0.873107,-1.220697
0,0,-0.577635,-0.701386
1,1,0.437095,0.531623
1,1,1.000387,1.455063
0,0,-1.305420,-0.288183
0,0,-0.752453,-0.730947
1,1,1.408229,0.617747
1,1,0.744420,-0.556249
0,0,-0.574344,-0.629202
1,1,1.276826,2.256225
0,0,-0.549647,-0.861655
0,0,-0.660188,-0.572872
0,0,-1.407174,-0.079409
0,0,-1.695189,-0.309182
0,0,-0.990014,-0.333151
0,0,-0.722498,-0.030975
0,0,-1.145315,-1.123085
1,1,1.557658,0.464671
1,1,0.217533,0.917585
0,0,-1.623689,-0.548739
0,0,-0.647678,-1.072549
0,0,-0.854643,-0.410877
0,0,-1.175350,-0.735307
0,0,-1.111881,-0.383176
1,1,0.713154,1.097807
0,0,-0.269245,-0.718624
1,1,0.131857,-0.084643
0,0,0.311680,-1.471844
1,1,1.050983,1.964152
1,1,0.595841,0.962747
0,0,-0.655790,-0.961952
0,0,-0.756481,-0.100031
0,0,-0.529441,-0.725449
1,1,0.923920,1.379020
0,0,-0.927730,-0.135452
1,1,1.718053,1.470071
0,0,-0.736138,-0.994448
0,0,-0.688934,-1.398267
0,0,-1.158310,-0.251953
1,1,-0.088888,0.475287
0,0,-0.227995,-0.964060
0,0,-0.981402,-0.678207
1,1,0.702140,0.392456
1,1,0.522669,0.965860
1,1,1.421222,1.176932
1,1,0.240104,-0.092153
1,1,1.300431,0.913711
1,1,0.826588,2.298796
0,0,-0.344448,-0.837219
1,1,1.085610,1.065695
0,0,-0.383215,-0.893847
1,1,0.053688,0.644404
0,0,-1.607728,-0.731808
1,1,1.413203,0.590970
1,1,0.728572,0.763947
0,0,-1.058358,-1.195475
1,1,-0.885735,1.473623
1,1,0.344021,0.391567
1,1,1.427867,2.174207
0,0,-1.354059,-0.530895
0,0,-0.816509,-0.857938
0,0,-0.502768,-0.486341
1,1,1.054696,0.362968
0,0,-0.506126,-0.668509
0,0,-0.471606,-0.369270
0,0,-1.190559,-0.810331
0,0,-0.782913,-0.703395
0,0,-0.997407,-0.382016
1,1,1.242638,1.223136
1,1,2.307373,0.872510
0,0,-0.697548,-1.145572
0,0,-0.341917,-1.429987
0,0,-1.420514,-0.752103
1,0,-0.140323,-0.311817
0,0,-0.577396,-0.510942
1,1,0.689734,0.560069
0,0,-1.268524,-1.888910
1,1,-0.364974,1.199999
0,0,-1.148991,-0.785729
1,1,1.169274,0.347279
0,0,-0.232336,-1.365811
0,0,-0.672563,0.102798
0,0,-0.415216,-0.850722
0,0,-1.174673,-0.636954
1,1,1.638778,1.006825
0,0,-1.065805,-1.038819
1,1,0.446509,0.311347
1,1,1.151746,-0.250485
1,1,0.464925,1.313460
0,0,-1.150817,-1.186111
1,1,1.538810,0.700474
1,1,1.994669,0.358512
0,1,0.122444,-0.083743
0,0,-0.771589,-0.577658
1,1,1.144315,1.175499
1,1,1.570853,2.179265
1,1,-0.883350,1.497307
1,1,1.755168,1.195849
1,1,0.568963,0.443652
0,0,-1.035588,-0.568301
0,0,-1.335224,-1.314326
1,1,1.155543,1.395868
1,1,1.082190,0.670164
1,1,0.043523,0.198125
1,0,-0.258733,-1.867701
0,0,-1.319555,-0.939301
1,1,1.545880,0.769099
0,0,-0.997729,-0.925152
1,1,-0.121410,1.465057
1,1,1.534168,0.055911
0,0,-0.585699,-0.682853
0,0,-1.067239,-0.752770
0,0,0.385929,-1.512943
1,1,-0.205877,0.873884
0,0,-1.498895,-0.074661
0,0,-0.913028,-0.413062
1,1,1.365735,1.112637
1,1,1.400638,1.841304
1,1,0.480379,1.474502
0,0,-1.013234,-0.766221
0,0,-0.503130,-0.303077
0,0,-1.253342,-0.598436
0,0,-1.316340,-0.636501
1,1,1.334015,0.670245
0,0,-0.823742,-1.172579
1,1,1.291298,-0.494761
1,0,0.203966,-0.614730
0,0,-1.028787,-1.676947
0,0,-0.410012,-1.546558
1,1,0.464521,0.411975
1,1,0.423889,0.317096
1,1,2.017202,-0.449032
1,1,0.786191,0.196220
0,0,-0.663981,-1.006321
0,0,-0.432839,-0.112015
0,0,-1.188003,-1.065158
0,0,-0.414264,0.046616
0,0,0.034283,-1.362978
0,0,-0.747298,-0.442588
0,0,-1.083413,-0.657333
1,1,1.191770,-0.229378
1,1,1.261549,1.184743
0,0,-0.398188,-0.907347
1,1,0.699050,0.407994
0,0,-0.546200,-0.623203
1,1,2.030965,0.553085
1,1,0.854736,0.390569
0,0,-0.888413,-0.077845
1,1,-0.075029,0.826936
0,0,-1.164570,-0.303504
0,0,-0.359621,-1.263354
1,1,1.001500,0.955661
0,0,-1.147008,-0.875029
1,1,-0.022605,0.513943
0,0,-0.660458,-0.594701
1,1,1.743899,0.103214
1,1,-0.140603,1.586979
0,0,-1.634162,-0.739005
1,1,0.108071,0.625272
1,1,0.625247,-0.228554
1,1,1.293392,1.541283
0,0,-0.174947,-0.333919
1,1,0.148465,0.757218
1,1,-0.570035,0.966590
0,0,-0.571137,-1.044074
1,1,0.315894,-0.011372
0,0,-1.088516,-1.070224
1,1,-0.294794,1.503909
0,0,-0.951621,-0.450455
0,0,-1.115379,-0.938600
1,1,1.931955,1.124672
0,0,-1.501966,-0.898796
1,1,0.847074,0.914450
0,0,-0.893959,-0.390466
1,1,0.684602,1.479102
0,0,-1.596950,-0.843355
1,1,0.562274,0.583738
0,0,-0.591563,-1.117918
0,0,-1.088706,-0.873874
0,0,0.037736,-1.016751
1,1,0.301164,0.421023
1,1,0.941877,0.795266
0,0,-0.647144,0.490543
1,1,1.551309,0.457887
1,1,0.597008,-0.013040
1,1,-0.081014,1.762382
1,1,0.585996,1.123721
1,1,0.515265,1.111756
0,0,-0.236782,-1.019246
0,0,-0.694075,0.061242
1,1,0.324056,0.034344
1,1,0.671529,1.533163
1,1,0.905377,2.424426
1,1,2.327289,0.740543
1,1,0.699467,2.358260
0,0,-0.331097,-0.742103
0,0,-0.555725,-1.079624
0,0,-0.306802,-1.639035
0,0,-0.724465,-1.340005
0,0,-0.039131,-1.054059
1,1,0.564638,1.028770
0,0,-0.608725,-1.001422
1,1,1.291619,0.181467
0,0,-1.355854,-1.226396
0,0,-0.928158,-0.050624
1,1,0.394731,0.993896
0,0,0.126639,-1.325487
1,1,1.861941,1.453488
1,1,0.858490,1.025907
0,0,-1.233034,-0.828188
1,1,0.427956,0.950172
1,1,0.803497,-0.081527
0,0,-1.341729,-1.355550
0,0,0.047543,-0.975779
1,0,-0.866068,0.321693
0,0,-1.180583,-1.913801
0,0,-0.540852,-0.808374
1,1,0.236978,1.744808
1,1,0.930823,0.812178
0,0,-0.537062,-1.361594
0,0,-1.240347,-1.381922
1,1,2.319872,0.743615
1,1,0.103792,0.832964
0,1,0.175614,-0.190081
1,1,0.604365,0.751232
0,0,-1.020989,-0.734061
1,1,1.826810,-0.228273
1,1,0.749838,0.116609
0,0,0.570784,-0.966154
0,0,-0.746348,-1.560664
0,0,-0.762285,-0.679876
0,0,-1.706682,-0.513049
1,1,1.894384,1.108647
1,0,0.056019,-0.141713
0,0,-0.872018,-1.247725
0,0,-0.828567,-0.405485
0,0,-0.881271,-1.267428
0,0,-0.927392,-1.107748
1,1,0.670496,1.203158
0,0,-0.817886,-1.532689
1,1,1.097626,1.213783
1,1,0.327579,2.080201
0,0,-1.483199,-0.332556
1,1,-0.821555,1.304609
0,0,-1.096064,-1.078682
0,0,0.052971,-0.971476
0,0,-1.214864,-1.608846
0,0,-2.123567,-0.533758
0,0,-0.833956,-1.493809
1,1,0.425452,0.276816
0,0,-0.503697,-1.280196
0,0,-1.092587,-0.254644
0,0,-0.515005,-1.194895
1,1,1.009496,0.288696
0,0,-0.734874,-0.132975
1,1,-0.388101,1.384363
0,0,-0.831612,-1.777001
0,0,-0.942618,-1.135390
1,1,1.077056,-0.064658
1,1,-0.262661,1.081703
1,1,0.987746,-0.536811
0,0,-1.690184,-0.433206
1,1,-0.824821,1.343955
0,0,-0.872771,-1.530987
0,0,-2.029314,-0.699489
1,1,-0.069371,0.919795
1,1,1.171137,0.254899
0,0,-0.704445,-1.228178
1,1,1.113283,0.772781
0,0,0.025846,-0.613517
0,0,-0.382967,-0.020969
1,1,-0.241780,1.092818
1,1,1.359570,0.903323
0,0,-0.901664,-0.765157
1,1,0.696427,0.590300
1,1,0.089020,0.729436
0,0,-0.816684,-1.438239
1,1,0.888879,-0.462247
0,0,-0.554037,-0.872237
1,1,0.205675,-0.003412
1,1,2.139791,0.897991
1,1,1.543291,1.145886
1,1,-0.249670,0.837037
0,0,-1.104260,-0.468191
0,0,-0.509217,-0.490066
1,0,-0.887196,-0.124979
0,0,-0.496814,-1.192778
1,1,0.133076,2.022956
1,1,0.929770,-0.400684
0,0,-1.652067,-0.815554
0,0,-0.283074,-1.092683
1,1,1.798864,1.391467
0,0,-0.219948,-0.722553
0,0,-1.579765,-1.133033
0,0,0.453015,-0.828259
0,0,-1.007808,-0.915301
1,1,0.478064,0.822312
1,1,0.215548,0.959454
1,1,0.140134,2.034650
0,0,-0.290789,-1.120075
1,1,0.386875,0.208308
1,1,0.538063,2.180480
1,1,0.235312,-0.010807
1,1,0.451694,0.766290
0,0,-1.508723,-1.813524
0,0,-0.374329,-1.268308
1,1,1.701526,0.935680
1,1,1.067455,0.912181
0,0,-0.923827,-0.434491
1,1,0.960513,0.882769
0,0,-0.405207,-1.007242
0,0,0.060168,-0.969042
0,0,-0.834259,-1.310923
1,1,0.409611,1.384595
0,0,-0.591179,-0.738001
1,1,0.559122,1.001717
1,1,-0.187289,2.931974
1,1,1.162123,2.245948
0,0,-0.903983,-0.893745
0,0,-0.787797,0.269484
0,0,-0.143327,-1.404244
1,1,0.874114,2.490197
0,0,-0.515119,-1.277878
1,1,1.740640,1.939006
0,0,-0.576772,-1.504233
1,1,1.130441,2.877971
1,1,0.051913,2.482910
0,0,-0.709640,-1.246721
0,0,-0.912564,-1.210364
1,1,0.389162,0.861186
1,1,1.392447,0.459100
1,1,0.723094,0.488188
0,0,-1.680660,-1.070596
1,1,1.554603,0.028181
1,1,0.782836,0.694966
1,1,2.168953,0.442454
1,1,0.754055,0.679516
1,1,0.847810,0.714582
0,0,-0.388693,-0.756367
0,0,-1.073652,-0.075743
1,1,0.923973,0.480248
0,0,-0.509680,-1.581309
1,1,1.567002,0.495157
0,0,-0.303581,-0.127132
1,1,0.178175,0.281502
0,0,-0.952500,-0.890132
1,1,1.905741,0.242079
1,1,1.526335,1.241410
1,1,0.110943,0.227312
0,0,-1.442488,-0.513624
1,1,0.208799,0.463725
0,0,-1.211313,-0.368731
0,0,-0.468438,-0.065315
1,1,0.908209,0.555812
1,1,0.364536,0.619021
1,1,0.769627,1.331185
0,0,-0.265824,-0.856054
1,1,1.153501,1.499399
0,0,-1.185264,-1.259688
1,1,1.090299,0.953028
0,0,-1.133627,-0.547326
0,0,-1.220010,-0.522496
1,1,0.373693,0.521697
1,1,1.759371,0.176785
1,1,1.023324,1.642379
0,0,-1.360141,-1.165364
0,0,-1.257923,-0.158183
0,0,-0.712149,-0.565057
1,1,0.193167,1.147281
1,1,0.496851,0.910609
1,1,1.751808,0.362662
0,0,-1.295703,-0.959316
0,0,-0.799884,-1.265276
1,1,0.489923,0.328357
0,0,-0.609247,-0.118376
0,0,-0.818540,-0.042861
0,0,-0.482050,-1.016805
1,1,0.646372,1.809208
0,0,-0.936912,-0.386768
0,0,-1.627543,-0.753542
0,0,-0.165384,-0.556567
0,0,-0.796646,0.032125
1,1,0.369148,1.632652
0,0,-1.806441,-0.938614
1,1,0.405650,-0.256376
1,1,0.678405,1.131182
1,1,1.813882,0.344382
0,0,-1.385681,-0.194933
1,1,0.394290,2.312227
1,1,1.386135,0.008676
1,1,1.070956,1.421029
0,0,-1.348169,-0.771339
1,1,0.105293,1.014814
1,1,0.518316,1.421356
1,1,1.079378,1.062104
0,0,-1.247689,-0.140330
1,1,1.579722,-0.061041
1,1,1.112191,0.788546
0,0,-0.877666,0.041351
1,1,2.587033,0.607189
0,0,-0.067745,-0.769527
0,0,-0.290864,-1.913932
1,1,0.273401,0.658021
0,0,-1.363513,-0.959407
0,0,-0.606456,-1.016307
1,1,0.850764,0.762041
1,1,1.911158,2.035176
0,0,-1.082113,0.502540
0,0,-0.358856,-0.576505
1,1,-0.281165,2.809255
0,0,-1.190754,0.009468
1,1,0.801568,1.102961
0,0,-1.689301,-0.508827
0,0,-1.367358,-1.111093
1,1,1.312048,1.650522
1,1,1.041007,1.180947
1,1,2.335480,-0.023066
0,0,-1.553077,-1.321777
1,1,0.377386,0.964839
0,0,-0.220247,-1.033956
0,0,-1.588733,-0.976756
1,1,0.480966,2.080621
1,1,1.179012,0.185906
0,0,-0.837386,-1.052088
1,1,0.690890,1.126256
1,1,0.100853,0.617877
0,0,-0.469264,-0.719468
1,1,0.339258,0.839599
1,1,1.778351,1.592006
0,0,-1.751522,-0.916105
0,0,-1.008905,-1.272826
1,1,0.623095,1.322937
0,0,-0.712714,-1.061434
1,1,0.603087,1.548885
1,1,0.748834,1.382223
1,1,1.678790,0.694194
0,0,-0.947185,-0.666491
1,1,1.915810,0.056862
0,0,-0.825021,-0.299442
0,0,-0.659013,-0.573510
0,0,-0.757135,-1.255297
0,0,-0.954251,-0.153924
1,1,0.394118,1.199838
0,0,-0.663056,-0.420930
1,1,1.104493,0.206018
0,0,0.366255,-0.841510
1,1,-0.008939,0.738973
0,0,-1.112850,-0.380643
1,1,0.803241,0.781705
0,0,-1.187681,-0.335553
0,0,-0.736416,-0.330222
0,0,-1.642933,-1.981876
0,0,-0.449198,-0.918806
1,1,1.201057,0.665428
0,0,-0.768874,-1.384819
1,1,1.159330,0.884682
1,1,1.330474,-0.295554
0,0,-1.664386,-1.657771
0,0,-0.954831,-0.650855
1,1,0.190176,0.523317
1,0,-0.327200,0.052529
0,0,-0.471467,-0.363777
1,1,0.810901,1.164602
1,1,1.558051,0.810855
0,0,-0.924058,-0.433955
1,1,1.745837,0.372294
1,1,0.906864,1.758308
1,1,1.289435,1.822789
1,1,0.711590,0.738421
1,1,1.948248,0.282435
1,1,0.786876,0.664072
0,0,-1.088828,-0.432312
0,0,-0.956584,-1.362089
0,0,-1.367236,-0.783076
1,1,0.092888,0.609707
0,0,-1.388677,-1.554208
1,1,1.286336,1.011611
1,1,0.946008,1.712322
0,0,-0.580422,-1.109777
1,1,0.796271,0.477127
0,0,-1.578198,-1.250007
1,1,-0.679043,1.235699
0,0,-1.454339,-0.908466
1,1,-0.452125,1.518127
1,1,1.384318,1.826838
1,1,0.957888,-1.015521
1,1,1.465125,1.476121
0,0,-1.063588,-1.703674
1,1,-0.262031,0.675023
1,1,0.607726,0.395425
1,1,1.213512,0.692771
0,0,-0.211684,-1.151960
0,0,-0.555001,-1.205170
1,1,0.782021,1.550800
1,1,2.310137,0.925448
1,1,0.912994,-0.266849
1,1,1.022935,1.315094
1,1,1.782339,1.387575
0,0,-0.655303,-1.722449
0,0,-1.170439,-0.268243
1,1,0.717616,2.063303
1,1,0.197775,0.740103
1,1,0.440302,1.113316
0,0,-0.707358,-1.574030
0,0,-0.393490,-0.606217
1,1,0.269241,0.727375
0,0,-1.222108,-1.586580
0,0,-1.734172,-0.385193
0,0,-1.112802,-1.563736
1,1,1.250280,0.112854
0,0,-0.695121,-0.770562
1,1,1.230781,0.680542
0,0,-1.410069,-0.722602
1,1,0.928917,0.868032
0,0,-0.563124,-1.252301
1,1,0.251737,0.295855
1,1,0.610107,1.186559
1,1,1.357395,0.976688
1,1,1.038209,1.118892
0,0,-1.215618,-0.592951
0,0,-0.120915,-0.601115
1,0,0.462808,-0.587409
0,0,-0.459173,-1.160193
1,1,0.737173,-0.338914
0,0,-0.833243,-1.289192
0,0,-0.357865,-0.548857
0,0,-1.115564,-0.365695
0,0,-0.828752,-0.748379
0,1,0.007003,0.192701
1,1,0.403823,0.348395
0,0,-0.230235,-0.863374
1,1,0.453970,0.277197
1,1,1.447454,0.608281
1,1,0.618424,1.066922
0,0,-0.317057,-1.151123
1,1,0.339685,1.226930
1,1,0.686345,0.268258
1,1,1.099929,1.279114
1,1,0.853046,1.235848
0,0,-0.428797,-1.391472
0,0,-0.232015,-1.480805
1,1,1.238300,1.434974
0,0,-0.123165,-1.210095
1,1,1.360600,1.294848
0,0,-0.602978,-1.173160
1,1,0.426780,0.121933
1,1,0.851421,1.586074
1,1,1.972508,-0.019234
1,1,0.655292,1.103429
1,1,1.361139,1.251313
0,0,-0.769019,-1.156163
1,1,1.049288,-0.252757
1,1,0.811923,1.237703
0,0,-1.462593,-1.833395
0,0,-1.309263,-0.839692
0,0,-0.940093,-0.891065
0,0,-0.148516,-0.213602
1,1,0.102880,0.354712
1,0,0.589989,-0.991609
0,0,-0.053551,-1.260347
0,0,-1.253591,-1.078150
0,0,-0.100281,-0.624860
1,1,1.341972,0.764979
1,1,0.826042,1.645047
0,0,-1.196646,-0.551501
0,0,-0.748453,-0.571104
1,1,1.639359,1.116115
1,1,1.698587,1.226200
1,1,1.084968,0.530824
0,0,-0.975873,-0.969121
0,0,-0.307706,-1.748869
1,1,0.538208,0.566497
0,0,-1.271370,-0.413150
1,1,0.885120,1.280794
0,0,-1.005209,-0.132946
1,1,1.513852,-0.136961
0,1,0.077112,0.308789
1,1,-0.305473,0.485590
0,0,-0.754757,-2.048503
1,1,2.742669,0.461715
0,0,-1.127040,-0.828870
1,1,1.195226,0.399595
0,0,-0.137766,-0.872786
1,1,0.785482,0.959842
1,1,0.018921,0.524228
0,0,-1.431794,-1.052263
0,0,-1.177265,-0.862805
0,0,-0.762657,-0.739798
0,0,-0.815285,-0.653681
0,0,-0.806308,-1.191683
1,1,0.331097,1.122132
1,1,0.834488,0.965247
1,1,-0.406233,1.938379
1,1,0.394335,0.992449
0,0,-0.299251,-0.119138
0,0,-0.760139,-0.012758
1,1,0.010498,1.080309
0,0,-0.490480,-1.647999
0,0,-1.550229,-0.384561
0,0,-1.315280,-0.824588
0,0,0.460114,-1.099815
1,1,2.613681,1.100030
1,1,1.186679,0.416566
1,1,0.285111,2.871322
0,0,-1.536568,-0.587572
0,0,-0.529985,-1.924832
0,0,-0.625929,-0.422435
1,1,1.484414,1.660024
0,0,-0.238569,-0.460841
0,0,-1.089237,-0.734108
1,1,0.214893,1.459560
1,1,1.113546,1.824380
1,1,1.750490,0.820182
0,0,-1.104169,-0.105956
0,0,-0.499002,-1.426894
1,1,-0.333434,1.153743
1,1,0.792030,1.505471
1,1,1.540246,1.487476
0,0,-1.480438,-1.255156
1,1,0.321292,0.014120
1,1,0.553882,0.533845
1,1,1.189160,0.419079
0,0,-0.499194,-0.371020
1,1,1.144047,1.129324
1,1,0.790527,1.193099
0,0,-1.480652,-0.168584
1,1,1.187469,-0.316594
0,0,-0.255980,-1.125747
1,1,0.970808,1.536775
0,0,-0.788247,-0.645508
0,0,-0.170568,-0.727549
1,1,1.432918,0.407709
1,1,1.082947,0.888857
0,0,-0.953801,-0.385146
1,1,1.362949,0.340119
1,1,0.497603,0.196883
1,0,-0.282546,-0.571993
1,1,0.314442,0.590008
1,1,1.054284,1.246941
1,1,-0.363020,1.337472
0,0,-0.491999,-0.298770
1,1,0.999386,1.214961
1,1,0.186936,-0.145360
1,1,0.052285,0.844588
1,0,-0.360868,0.069813
0,0,-0.471462,0.003398
1,1,1.196974,0.847995
0,0,-1.239491,-0.281817
0,0,-1.802080,-0.499958
0,0,-0.596441,-1.261972
1,1,0.662790,0.090368
1,1,0.243072,0.436602
0,0,-1.201455,-0.393017
1,1,0.726042,0.651802
1,1,0.729485,-0.109110
1,1,0.852936,1.268397
0,0,-1.327779,-0.529100
1,1,1.416385,0.312161
0,0,-1.126765,-0.880598
1,1,0.489561,0.758802
0,0,-1.184855,0.180710
1,1,0.257361,0.589108
1,1,0.918341,1.631967
1,1,1.139199,0.871341
1,1,1.578135,-1.204117
1,1,0.889903,2.384064
0,0,-0.644282,-1.259611
1,1,1.746389,0.145885
1,1,0.532309,0.815872
0,0,-0.364641,-0.508522
0,0,-0.479857,-1.549572
0,0,-0.271512,-1.432644
0,0,-0.818404,-0.898896
1,1,0.277957,1.290738
0,0,-0.606257,-1.039223
0,0,-0.722660,-0.925986
0,0,-0.440173,-1.024317
0,0,-1.179708,-0.805184
1,1,0.582263,1.195142
0,0,-0.141075,-0.201800
1,1,-0.457269,1.559724
1,1,1.071933,1.576280
1,1,-0.314449,0.846073
1,1,0.566632,0.844774
1,1,0.706254,0.687464
0,0,-0.058530,-0.661453
0,0,-1.053784,-0.648561
0,0,-0.459289,-0.319628
1,1,0.506817,1.040918
